{"cameraMode":{"drawMode":0,"name":"Shaded","section":"Shading Mode"},"sceneLighting":true,"audioPlay":false,"sceneViewState":{"m_AlwaysRefresh":false,"showFog":true,"showSkybox":true,"showFlares":true,"showImageEffects":true,"showParticleSystems":true,"showVisualEffectGraphs":true,"m_FxEnabled":true},"in2DMode":false,"pivot":{"x":6.044031143188477,"y":26.870758056640626,"z":-14.136127471923829},"rotation":{"x":0.006986846216022968,"y":-0.05517751723527908,"z":0.0004363544285297394,"w":0.998543381690979},"size":42.643898010253909,"orthographic":true}